{
    "Ciudad de México": [
        19.4326296,
        -99.1331785
    ],
    "Bogotá": [
        4.6534649,
        -74.0836453
    ],
    "Quito": [
        -0.2201641,
        -78.5123274
    ],
    "Lima": [
        -12.0621065,
        -77.0365256
    ],
    "Santiago": [
        9.8694792,
        -83.7980749
    ],
    "Montevideo": [
        -34.9058916,
        -56.1913095
    ],
    "Asunción": [
        -25.2800459,
        -57.6343814
    ],
    "São Paulo": [
        -23.5506507,
        -46.6333824
    ],
    "Rio de Janeiro": [
        -22.9110137,
        -43.2093727
    ],
    "Brasília": [
        -10.3333333,
        -53.2
    ],
    "Manaus": [
        -3.1316333,
        -59.9825041
    ],
    "Caracas": [
        10.5060934,
        -66.9146008
    ],
    "Panamá": [
        8.559559,
        -81.1308434
    ],
    "Buffalo": [
        42.8867166,
        -78.8783922
    ],
    "Toronto": [
        43.6534817,
        -79.3839347
    ],
    "Montréal": [
        45.5031824,
        -73.5698065
    ],
    "Tōkyō": [
        35.6812665,
        139.757653
    ],
    "Stockholm": [
        59.3251172,
        18.0710935
    ],
    "Casablanca": [
        33.5950627,
        -7.6187768
    ],
    "Las Palmas de Gran Canaria": [
        28.1288694,
        -15.4349015
    ],
    "Freetown": [
        8.479004,
        -13.26795
    ],
    "Halifax": [
        44.648618,
        -63.5859487
    ],
    "Saint John": [
        45.278752,
        -66.058044
    ],
    "New Portland": [
        44.884224,
        -70.0967304
    ],
    "Boston": [
        42.3554334,
        -71.060511
    ],
    "Pittsburgh": [
        40.4416941,
        -79.9900861
    ],
    "Columbus": [
        39.9622601,
        -83.0007065
    ],
    "Indianapolis": [
        39.7683331,
        -86.1583502
    ],
    "Saint Louis City": [
        38.624223,
        -90.203686
    ],
    "Topeka": [
        39.049011,
        -95.677556
    ],
    "Denver": [
        39.7392364,
        -104.984862
    ],
    "Santa Fe": [
        -30.3154739,
        -61.1645076
    ],
    "Flagstaff": [
        35.1987522,
        -111.651822
    ],
    "Las Vegas": [
        36.1672559,
        -115.148516
    ],
    "Los Angeles": [
        34.0536909,
        -118.242766
    ],
    "San Francisco": [
        37.7790262,
        -122.419906
    ],
    "Sacramento": [
        38.5810606,
        -121.493895
    ],
    "San Diego": [
        32.7174202,
        -117.1627728
    ],
    "Atlanta": [
        33.7489924,
        -84.3902644
    ],
    "Philadelphia": [
        39.9527237,
        -75.1635262
    ],
    "Richmond": [
        37.5385087,
        -77.43428
    ],
    "Jacksonville": [
        30.3321838,
        -81.655651
    ],
    "Miami Beach": [
        25.7929198,
        -80.1353006
    ],
    "Columbia": [
        4.099917,
        -72.9088133
    ],
    "District of Columbia": [
        38.89384735,
        -76.98804281910948
    ],
    "Bern": [
        46.9482713,
        7.4514512
    ],
    "New Orleans": [
        29.9759983,
        -90.0782127
    ],
    "Houston": [
        29.7589382,
        -95.3676974
    ],
    "Oklahoma City": [
        35.4729886,
        -97.5170536
    ],
    "Dallas": [
        32.7762719,
        -96.7968559
    ],
    "Jackson": [
        32.3086744,
        -90.1983063
    ],
    "Cleveland": [
        41.4996574,
        -81.6936772
    ],
    "Detroit": [
        42.3315509,
        -83.0466403
    ],
    "Minneapolis": [
        44.9772995,
        -93.2654692
    ],
    "Milwaukee": [
        43.0349931,
        -87.922497
    ],
    "Chicago": [
        41.8755616,
        -87.6244212
    ],
    "Berlin": [
        52.5170365,
        13.3888599
    ],
    "Hong Kong": [
        22.2793278,
        114.1628131
    ],
    "München": [
        48.1371079,
        11.5753822
    ],
    "North East Margaree": [
        46.326314,
        -61.0087867
    ],
    "Kariya": [
        34.974678,
        137.002791
    ],
    "Bruxelles": [
        50.8465573,
        4.351697
    ],
    "Lyon": [
        45.7578137,
        4.8320114
    ],
    "Nagoya": [
        35.1851045,
        136.8998438
    ],
    "Naha": [
        26.2122345,
        127.6791452
    ],
    "Barcelona": [
        41.3828939,
        2.1774322
    ],
    "Sydney": [
        -33.8698439,
        151.2082848
    ],
    "Honolulu": [
        21.304547,
        -157.855676
    ],
    "Roma": [
        41.8933203,
        12.4829321
    ],
    "Düsseldorf": [
        51.2254018,
        6.7763137
    ],
    "Singapore": [
        1.357107,
        103.8194992
    ],
    "Hiroshima": [
        34.3916058,
        132.4518156
    ],
    "Anchorage": [
        61.2163129,
        -149.894852
    ],
    "London": [
        51.5073359,
        -0.12765
    ],
    "Milano": [
        45.4641943,
        9.1896346
    ],
    "Wien": [
        48.2083537,
        16.3725042
    ],
    "Vancouver": [
        49.2608724,
        -123.113952
    ],
    "Aachen": [
        50.776351,
        6.083862
    ],
    "Paris": [
        48.8588897,
        2.3200410217200766
    ],
    "Bordeaux": [
        44.841225,
        -0.5800364
    ],
    "Madrid": [
        40.4167047,
        -3.7035825
    ],
    "Lille": [
        50.6365654,
        3.0635282
    ],
    "Toyonaka": [
        34.7862025,
        135.4737093
    ],
    "Reykjavík": [
        64.145981,
        -21.9422367
    ],
    "Köln": [
        50.938361,
        6.959974
    ],
    "Manila": [
        14.5948914,
        120.9782618
    ],
    "Zürich": [
        47.3744489,
        8.5410422
    ],
    "New Delhi": [
        28.6138954,
        77.2090057
    ],
    "Fujinomiya": [
        35.2221369,
        138.6214683
    ],
    "Taipei": [
        25.0375198,
        121.5636796
    ],
    "Abidjan": [
        5.320357,
        -4.016107
    ],
    "Stuttgart": [
        48.7784485,
        9.1800132
    ],
    "Birmingham": [
        52.4796992,
        -1.9026911
    ],
    "Amsterdam": [
        52.3730796,
        4.8924534
    ],
    "Margaree Centre": [
        46.3473854,
        -60.9991112
    ],
    "Fort Worth": [
        32.753177,
        -97.3327459
    ],
    "Lourdes": [
        43.0940904,
        -0.0464975
    ],
    "Bastia": [
        42.7008676,
        9.4512866
    ],
    "Limoges": [
        45.8354243,
        1.2644847
    ],
    "Krung Thep": [
        -36.8575733,
        174.7577028
    ],
    "Kolkata": [
        22.5726459,
        88.3638953
    ],
    "Auray": [
        47.6664485,
        -2.9833718
    ],
    "Lisbon": [
        38.7077507,
        -9.1365919
    ],
    "Porto": [
        41.1494512,
        -8.6107884
    ],
    "Simantogava": [],
    "Sendai": [
        38.2677554,
        140.8691498
    ],
    "Monte Carlo": [
        43.7402961,
        7.426559
    ],
    "Vagnas": [
        44.3461474,
        4.3664462
    ],
    "Kreisfreie Stadt Münster": [
        54.3208841,
        10.1346792
    ],
    "Montfavet": [
        43.9326281,
        4.873943504210781
    ],
    "San José": [
        9.9325427,
        -84.0795782
    ],
    "Antwerpen": [
        51.2211097,
        4.3997081
    ],
    "Manchester": [
        53.4794892,
        -2.2451148
    ],
    "Glasgow": [
        55.8606182,
        -4.2497933
    ],
    "Edinburgh": [
        55.9533456,
        -3.1883749
    ],
    "Andorra la Vella": [
        42.5069391,
        1.5212467
    ],
    "Salt Lake City": [
        40.7596198,
        -111.886797
    ],
    "Hartford": [
        41.764582,
        -72.6908547
    ],
    "Shanghai": [
        31.2322758,
        121.4692071
    ],
    "Pekino": [
        39.906217,
        116.3912757
    ],
    "New York": [
        40.7127281,
        -74.0060152
    ],
    "Buenos Aires": [
        -34.6075682,
        -58.4370894
    ],
    "Ottawa": [
        45.4208777,
        -75.6901106
    ],